{
  "ageDistribution": {
    "0-9": 0.17018904834856738,
    "10-19": 0.18275414175586116,
    "20-29": 0.17384152949629939,
    "30-39": 0.15625767450007053,
    "40-49": 0.12294176586982367,
    "50-59": 0.09284914627282144,
    "60-69": 0.06315256237392318,
    "70-79": 0.028387879361702173,
    "80+": 0.009626252020931078
  },
  "frac": {
    "severe": [
      0.0005,
      0.0015,
      0.003,
      0.0045,
      0.012,
      0.025,
      0.075,
      0.13999999999999999,
      0.25
    ],
    "critical": [
      0.000025,
      0.00015000000000000001,
      0.00030000000000000003,
      0.0006749999999999999,
      0.0024000000000000002,
      0.00625,
      0.02625,
      0.063,
      0.1375
    ],
    "fatal": [
      0.0000075,
      0.000045,
      0.00009,
      0.00020249999999999996,
      0.00072,
      0.0025000000000000005,
      0.0105,
      0.0315,
      0.06875
    ],
    "isolated": [
      0,
      0,
      0,
      0,
      0,
      0,
      0,
      0,
      0
    ]
  }
  
}